timestamp,actual_cons__grid_load,actual_cons__grid_load_incl_hydro_pumped_storage,actual_cons__hydro_pumped_storage,actual_cons__residual_load,actual_gen__biomass,actual_gen__hydropower,actual_gen__wind_offshore,actual_gen__wind_onshore,actual_gen__photovoltaics,actual_gen__other_renewable,actual_gen__lignite,actual_gen__hard_coal,actual_gen__fossil_gas,actual_gen__hydro_pumped_storage,actual_gen__other_conventional,price__germany_luxembourg,price__de_lu_neighbours,price__belgium,price__denmark_1,price__denmark_2,price__france,price__netherlands,price__norway_2,price__austria,price__poland,price__sweden_4,price__switzerland,price__czech_republic,price__de_at_lu,price__northern_italy,price__slovenia,price__hungary,fc_cons__grid_load,fc_cons__residual_load,fc_gen__total,fc_gen__photovoltaics_and_wind,fc_gen__wind_offshore,fc_gen__wind_onshore,fc_gen__photovoltaics,fc_gen__other
2021-12-31 23:00:00+00:00,11273.25,11873.25,600.0,3285.75,1069.75,372.25,1533.0,6454.0,0.5,39.0,899.0,512.0,861.75,147.25,368.75,50.05,78.44,82.02,50.05,46.6,89.06,124.7,132.89,61.84,59.03,46.6,119.97,50.05,,170.28,61.84,61.84,10726.0,2750.0,13118.25,7976.0,1493.25,6482.75,0.0,5142.25
2021-12-31 23:15:00+00:00,11168.25,11796.5,628.25,3215.25,1066.0,368.5,1509.5,6443.0,0.5,39.25,895.5,510.25,870.75,103.75,369.25,50.05,78.44,82.02,50.05,46.6,89.06,124.7,132.89,61.84,59.03,46.6,119.97,50.05,,170.28,61.84,61.84,10633.25,2717.75,13118.25,7915.5,1486.0,6429.5,0.0,5202.75
2021-12-31 23:30:00+00:00,11039.5,11722.25,682.75,3201.5,1064.0,365.5,1490.25,6347.25,0.5,39.25,881.5,509.5,884.25,93.25,366.5,50.05,78.44,82.02,50.05,46.6,89.06,124.7,132.89,61.84,59.03,46.6,119.97,50.05,,170.28,61.84,61.84,10531.5,2678.75,13118.25,7852.75,1478.5,6374.25,0.0,5265.5
2021-12-31 23:45:00+00:00,10870.25,11566.25,696.0,3068.5,1068.5,366.75,1442.75,6358.5,0.5,39.5,886.0,507.5,881.75,72.25,362.75,50.05,78.44,82.02,50.05,46.6,89.06,124.7,132.89,61.84,59.03,46.6,119.97,50.05,,170.28,61.84,61.84,10419.5,2633.0,13118.25,7786.5,1470.25,6316.25,0.0,5331.75
2022-01-01 00:00:00+00:00,10655.25,11242.0,586.75,3009.5,1066.0,386.5,1422.0,6223.25,0.5,39.5,891.25,513.25,853.5,113.25,367.5,41.33,69.75,67.07,41.33,41.33,78.48,124.7,129.3,51.44,49.37,41.33,101.54,41.33,,155.72,51.44,41.33,10278.25,2544.0,12561.5,7734.25,1477.5,6256.75,0.0,4827.25
2022-01-01 00:15:00+00:00,10557.5,11207.0,649.5,2944.75,1064.0,386.5,1448.75,6163.5,0.5,39.5,880.25,514.25,853.75,109.5,366.0,41.33,69.75,67.07,41.33,41.33,78.48,124.7,129.3,51.44,49.37,41.33,101.54,41.33,,155.72,51.44,41.33,10130.0,2472.0,12561.5,7658.0,1466.25,6191.75,0.0,4903.5
2022-01-01 00:30:00+00:00,10390.5,11090.5,700.0,2879.75,1062.0,386.5,1443.75,6066.5,0.5,39.5,883.5,511.0,850.75,98.5,364.75,41.33,69.75,67.07,41.33,41.33,78.48,124.7,129.3,51.44,49.37,41.33,101.54,41.33,,155.72,51.44,41.33,10034.5,2457.25,12561.5,7577.25,1452.75,6124.5,0.0,4984.25
2022-01-01 00:45:00+00:00,10354.5,11081.75,727.25,2998.75,1064.0,365.5,1460.75,5894.5,0.5,39.5,891.75,511.25,856.25,93.5,366.75,41.33,69.75,67.07,41.33,41.33,78.48,124.7,129.3,51.44,49.37,41.33,101.54,41.33,,155.72,51.44,41.33,9976.25,2483.25,12561.5,7493.0,1438.25,6054.75,0.0,5068.5
2022-01-01 01:00:00+00:00,10397.75,11110.0,712.25,3072.0,1065.0,382.25,1424.75,5900.5,0.5,39.75,880.75,509.5,859.25,134.0,364.75,43.22,68.04,75.11,43.22,42.18,85.16,134.0,132.08,55.91,43.22,42.18,52.13,43.22,,147.09,55.91,43.22,9886.0,2482.25,12414.0,7403.75,1422.5,5981.25,0.0,5010.25
2022-01-01 01:15:00+00:00,10261.0,10985.5,724.5,3022.25,1062.75,364.25,1437.0,5801.25,0.5,39.75,876.5,509.5,848.5,95.0,365.0,43.22,68.04,75.11,43.22,42.18,85.16,134.0,132.08,55.91,43.22,42.18,52.13,43.22,,147.09,55.91,43.22,9835.75,2523.0,12414.0,7312.75,1404.5,5908.25,0.0,5101.25
2022-01-01 01:30:00+00:00,10142.0,10895.5,753.5,3045.75,1064.0,365.0,1352.5,5743.25,0.5,39.75,870.0,507.25,851.0,84.25,364.25,43.22,68.04,75.11,43.22,42.18,85.16,134.0,132.08,55.91,43.22,42.18,52.13,43.22,,147.09,55.91,43.22,9701.5,2484.0,12414.0,7217.5,1385.5,5832.0,0.0,5196.5
2022-01-01 01:45:00+00:00,10087.25,10820.5,733.25,3009.25,1066.25,363.5,1333.75,5743.75,0.5,39.75,867.75,507.0,850.0,66.5,363.25,43.22,68.04,75.11,43.22,42.18,85.16,134.0,132.08,55.91,43.22,42.18,52.13,43.22,,147.09,55.91,43.22,9672.5,2551.25,12414.0,7121.25,1367.0,5754.25,0.0,5292.75
2022-01-01 02:00:00+00:00,10018.0,10809.25,791.25,3029.5,1066.0,364.75,1326.25,5661.75,0.5,39.75,876.75,506.0,856.75,84.0,361.5,45.46,51.27,50.91,45.46,44.37,50.0,58.8,111.44,46.94,45.46,44.37,20.78,45.46,,91.0,46.94,45.46,9580.0,2553.75,11904.75,7026.25,1348.0,5678.25,0.0,4878.5
2022-01-01 02:15:00+00:00,9990.5,10836.5,846.0,3077.0,1067.0,364.5,1316.5,5596.5,0.5,40.0,874.25,506.25,852.0,79.75,363.5,45.46,51.27,50.91,45.46,44.37,50.0,58.8,111.44,46.94,45.46,44.37,20.78,45.46,,91.0,46.94,45.46,9527.5,2584.75,11904.75,6942.75,1329.25,5613.5,0.0,4962.0
2022-01-01 02:30:00+00:00,9986.5,10807.25,820.75,3188.75,1065.25,365.0,1338.25,5459.0,0.5,40.0,876.25,505.25,851.75,83.75,364.5,45.46,51.27,50.91,45.46,44.37,50.0,58.8,111.44,46.94,45.46,44.37,20.78,45.46,,91.0,46.94,45.46,9508.5,2647.5,11904.75,6861.0,1310.75,5550.25,0.0,5043.75
2022-01-01 02:45:00+00:00,9969.0,10838.75,869.75,3170.5,1064.75,365.5,1401.75,5396.25,0.5,39.75,877.5,506.25,853.5,73.75,364.25,45.46,51.27,50.91,45.46,44.37,50.0,58.8,111.44,46.94,45.46,44.37,20.78,45.46,,91.0,46.94,45.46,9450.5,2673.0,11904.75,6777.5,1290.5,5487.0,0.0,5127.25
2022-01-01 03:00:00+00:00,9961.0,10903.75,942.75,3327.25,1066.75,372.0,1398.0,5235.25,0.5,39.75,880.75,504.25,857.25,71.0,362.25,37.67,42.46,37.67,37.67,37.67,37.67,37.67,112.35,37.67,37.67,37.67,15.66,37.67,,104.0,37.67,37.67,9548.75,2854.5,11444.5,6694.25,1271.0,5423.25,0.0,4750.25
2022-01-01 03:15:00+00:00,9918.5,10846.0,927.5,3256.25,1067.0,364.0,1423.5,5238.25,0.5,39.75,877.5,503.5,854.75,65.0,362.0,37.67,42.46,37.67,37.67,37.67,37.67,37.67,112.35,37.67,37.67,37.67,15.66,37.67,,104.0,37.67,37.67,9550.5,2943.0,11444.5,6607.5,1251.75,5355.75,0.0,4837.0
2022-01-01 03:30:00+00:00,9970.25,10841.75,871.5,3466.75,1067.25,399.5,1424.0,5079.0,0.5,39.5,882.75,502.0,858.0,54.5,361.25,37.67,42.46,37.67,37.67,37.67,37.67,37.67,112.35,37.67,37.67,37.67,15.66,37.67,,104.0,37.67,37.67,9559.5,3039.0,11444.5,6520.5,1232.25,5288.25,0.0,4924.0
2022-01-01 03:45:00+00:00,9883.75,10703.75,820.0,3474.0,1066.25,369.5,1341.0,5068.25,0.5,39.5,896.5,503.5,858.75,53.75,362.0,37.67,42.46,37.67,37.67,37.67,37.67,37.67,112.35,37.67,37.67,37.67,15.66,37.67,,104.0,37.67,37.67,9529.5,3096.25,11444.5,6433.25,1212.75,5220.5,0.0,5011.25
2022-01-01 04:00:00+00:00,9877.25,10618.5,741.25,3652.0,1067.25,365.0,1254.75,4970.0,0.5,39.5,907.5,501.75,852.0,53.5,361.5,39.7,44.79,39.7,39.7,39.7,39.7,39.7,113.9,39.7,39.7,39.7,21.47,39.7,,140.6,39.7,39.7,9441.0,3099.75,11179.75,6341.25,1184.75,5156.5,0.0,4838.5
2022-01-01 04:15:00+00:00,9830.5,10549.25,718.75,3761.75,1070.0,367.5,1161.25,4907.0,0.5,39.5,927.75,502.75,857.0,54.5,362.5,39.7,44.79,39.7,39.7,39.7,39.7,39.7,113.9,39.7,39.7,39.7,21.47,39.7,,140.6,39.7,39.7,9376.5,3121.75,11179.75,6254.75,1170.5,5084.25,0.0,4925.0
2022-01-01 04:30:00+00:00,9799.0,10531.25,732.25,3859.75,1070.5,377.0,1080.5,4858.25,0.5,39.75,966.5,504.75,854.25,52.75,364.5,39.7,44.79,39.7,39.7,39.7,39.7,39.7,113.9,39.7,39.7,39.7,21.47,39.7,,140.6,39.7,39.7,9317.25,3150.75,11179.75,6166.5,1154.5,5012.0,0.0,5013.25
2022-01-01 04:45:00+00:00,9716.25,10422.75,706.5,3828.5,1072.5,376.0,1034.75,4852.5,0.5,39.75,965.25,504.75,858.0,52.0,365.25,39.7,44.79,39.7,39.7,39.7,39.7,39.7,113.9,39.7,39.7,39.7,21.47,39.7,,140.6,39.7,39.7,9207.25,3128.25,11179.75,6079.0,1139.75,4939.25,0.0,5100.75
2022-01-01 05:00:00+00:00,9688.75,10372.75,684.0,3745.0,1077.5,360.0,1026.5,4916.75,0.5,39.5,964.75,503.25,852.75,26.75,364.0,40.59,47.04,40.59,40.59,40.59,40.59,40.59,122.25,40.59,40.59,40.59,29.89,40.59,,147.09,40.59,40.59,8936.25,2882.75,10994.0,6053.5,1123.0,4930.5,0.0,4940.5
2022-01-01 05:15:00+00:00,9696.5,10272.5,576.0,3763.25,1081.5,361.5,1082.75,4850.0,0.5,39.5,966.5,507.25,862.0,36.25,362.75,40.59,47.04,40.59,40.59,40.59,40.59,40.59,122.25,40.59,40.59,40.59,29.89,40.59,,147.09,40.59,40.59,9009.5,3035.75,10994.0,5973.75,1110.75,4863.0,0.0,5020.25
2022-01-01 05:30:00+00:00,9699.0,10244.5,545.5,3730.25,1084.25,362.5,1158.75,4809.5,0.5,39.5,969.75,510.25,865.0,51.75,364.75,40.59,47.04,40.59,40.59,40.59,40.59,40.59,122.25,40.59,40.59,40.59,29.89,40.59,,147.09,40.59,40.59,8957.25,3066.25,10994.0,5891.0,1097.75,4793.25,0.0,5103.0
2022-01-01 05:45:00+00:00,9727.75,10259.5,531.75,3764.0,1085.75,362.5,1246.75,4716.5,0.5,39.5,975.25,510.5,868.0,52.25,365.0,40.59,47.04,40.59,40.59,40.59,40.59,40.59,122.25,40.59,40.59,40.59,29.89,40.59,,147.09,40.59,40.59,9013.0,3205.5,10994.0,5807.5,1084.75,4722.75,0.0,5186.5
2022-01-01 06:00:00+00:00,9843.75,10447.75,604.0,3949.5,1094.5,360.75,1258.75,4635.0,0.5,39.5,967.0,577.5,868.5,68.75,366.5,43.26,54.84,43.26,43.26,43.26,43.26,43.26,118.58,43.26,43.26,43.26,95.33,43.26,,99.99,43.26,43.26,9069.75,3351.75,10701.5,5718.0,1069.5,4648.5,0.0,4983.5
2022-01-01 06:15:00+00:00,9827.25,10305.25,478.0,4064.5,1097.75,361.75,1237.5,4524.75,0.5,39.5,965.5,587.75,867.25,68.75,366.75,43.26,54.84,43.26,43.26,43.26,43.26,43.26,118.58,43.26,43.26,43.26,95.33,43.26,,99.99,43.26,43.26,9254.5,3625.75,10701.5,5628.75,1051.75,4577.0,0.0,5072.75
2022-01-01 06:30:00+00:00,9883.5,10301.25,417.75,4223.5,1101.25,362.25,1206.5,4453.0,0.5,39.5,968.5,604.0,870.0,68.75,365.75,43.26,54.84,43.26,43.26,43.26,43.26,43.26,118.58,43.26,43.26,43.26,95.33,43.26,,99.99,43.26,43.26,9378.5,3839.75,10701.5,5538.75,1033.0,4505.75,0.0,5162.75
2022-01-01 06:45:00+00:00,9931.0,10345.0,414.0,4337.5,1109.75,363.25,1147.25,4445.75,0.5,39.5,968.5,592.25,866.0,69.0,366.25,43.26,54.84,43.26,43.26,43.26,43.26,43.26,118.58,43.26,43.26,43.26,95.33,43.26,,99.99,43.26,43.26,9524.5,4073.5,10701.5,5451.0,1014.5,4436.5,0.0,5250.5
2022-01-01 07:00:00+00:00,10097.75,10613.0,515.25,4679.5,1124.25,369.25,1128.0,4289.0,1.25,39.75,990.5,617.25,900.0,69.0,366.5,49.66,60.07,49.66,49.66,49.66,49.66,49.66,118.47,49.66,49.66,49.66,95.36,49.66,,67.99,49.66,49.66,9749.75,4384.0,10749.0,5365.75,997.25,4364.25,4.25,5383.25
2022-01-01 07:15:00+00:00,10171.75,10598.5,426.75,4929.75,1130.5,367.5,1026.25,4202.5,13.25,39.75,988.25,611.75,900.5,41.25,366.5,49.66,60.07,49.66,49.66,49.66,49.66,49.66,118.47,49.66,49.66,49.66,95.36,49.66,,67.99,49.66,49.66,9846.0,4557.0,10749.0,5289.0,979.75,4283.5,25.75,5460.0
2022-01-01 07:30:00+00:00,10186.0,10581.25,395.25,5005.75,1134.0,367.5,980.25,4135.75,64.25,39.75,994.5,603.5,902.5,36.5,365.25,49.66,60.07,49.66,49.66,49.66,49.66,49.66,118.47,49.66,49.66,49.66,95.36,49.66,,67.99,49.66,49.66,9999.25,4728.5,10749.0,5270.75,961.5,4199.5,109.75,5478.25
2022-01-01 07:45:00+00:00,10255.75,10630.25,374.5,5001.25,1135.0,367.5,1037.5,4071.25,145.75,39.5,1008.5,616.25,902.5,36.5,364.75,49.66,60.07,49.66,49.66,49.66,49.66,49.66,118.47,49.66,49.66,49.66,95.36,49.66,,67.99,49.66,49.66,10203.5,4950.75,10749.0,5252.75,943.25,4113.75,195.75,5496.25
2022-01-01 08:00:00+00:00,10546.0,11023.25,477.25,5185.5,1136.5,368.5,1065.25,4038.5,256.75,39.75,1046.25,612.75,882.25,36.0,365.5,70.05,76.7,70.05,70.05,70.05,70.05,70.05,117.86,70.05,70.05,70.05,95.43,70.05,,95.0,70.05,70.05,10385.5,5132.0,11240.25,5253.5,927.5,4020.0,306.0,5986.75
2022-01-01 08:15:00+00:00,10685.25,11072.75,387.5,5230.25,1144.75,366.75,1078.25,3986.75,390.0,39.75,1050.5,609.25,878.0,34.75,364.0,70.05,76.7,70.05,70.05,70.05,70.05,70.05,117.86,70.05,70.05,70.05,95.43,70.05,,95.0,70.05,70.05,10571.25,5290.25,11240.25,5281.0,928.0,3920.0,433.0,5959.25
2022-01-01 08:30:00+00:00,10814.25,11130.5,316.25,5367.75,1144.75,366.5,1063.25,3868.5,514.75,39.75,1058.0,616.75,884.5,35.0,364.5,70.05,76.7,70.05,70.05,70.05,70.05,70.05,117.86,70.05,70.05,70.05,95.43,70.05,,95.0,70.05,70.05,10774.25,5454.75,11240.25,5319.5,928.25,3816.25,575.0,5920.75
2022-01-01 08:45:00+00:00,10885.75,11191.0,305.25,5403.25,1139.75,368.25,1007.25,3828.5,646.75,39.0,1054.75,622.75,881.75,35.25,362.5,70.05,76.7,70.05,70.05,70.05,70.05,70.05,117.86,70.05,70.05,70.05,95.43,70.05,,95.0,70.05,70.05,10950.5,5594.25,11240.25,5356.25,927.75,3710.75,717.75,5884.0
2022-01-01 09:00:00+00:00,11005.0,11355.5,350.5,5497.75,1138.0,367.75,1009.0,3707.0,791.25,38.5,1086.5,607.25,909.75,47.0,363.0,76.79,79.96,76.79,76.79,76.79,76.79,76.79,120.03,76.79,76.79,76.79,68.42,76.79,,135.8,76.79,76.79,11089.25,5682.5,11652.0,5406.75,934.5,3611.0,861.25,6245.25
2022-01-01 09:15:00+00:00,11144.5,11513.75,369.25,5621.75,1142.75,368.5,1015.25,3556.75,950.75,38.0,1109.0,611.0,911.25,51.0,363.75,76.79,79.96,76.79,76.79,76.79,76.79,76.79,120.03,76.79,76.79,76.79,68.42,76.79,,135.8,76.79,76.79,11205.5,5748.0,11652.0,5457.5,957.75,3499.0,1000.75,6194.5
2022-01-01 09:30:00+00:00,11265.25,11559.25,294.0,5682.25,1145.75,369.5,1032.25,3437.75,1113.0,38.0,1087.0,612.25,913.0,57.0,365.0,76.79,79.96,76.79,76.79,76.79,76.79,76.79,120.03,76.79,76.79,76.79,68.42,76.79,,135.8,76.79,76.79,11309.25,5805.0,11652.0,5504.25,982.0,3387.0,1135.25,6147.75
2022-01-01 09:45:00+00:00,11410.0,11677.25,267.25,5814.75,1147.5,369.5,994.5,3329.0,1271.75,38.0,1091.75,613.5,915.25,51.0,362.5,76.79,79.96,76.79,76.79,76.79,76.79,76.79,120.03,76.79,76.79,76.79,68.42,76.79,,135.8,76.79,76.79,11535.25,5994.25,11652.0,5541.0,1002.75,3276.75,1261.5,6111.0
2022-01-01 10:00:00+00:00,11585.5,11949.25,363.75,6025.5,1140.0,371.75,980.75,3171.5,1407.75,38.25,1099.0,622.0,912.75,32.25,362.75,84.1,84.99,84.1,84.1,84.1,84.1,84.1,117.07,84.1,84.1,84.1,60.88,84.1,,150.7,84.1,84.1,11740.25,6174.25,11663.5,5566.0,1019.5,3167.5,1379.0,6097.5
2022-01-01 10:15:00+00:00,11769.25,12172.0,402.75,6103.25,1135.0,368.25,1019.25,3100.25,1546.5,38.5,1103.5,625.0,914.25,41.5,362.5,84.1,84.99,84.1,84.1,84.1,84.1,84.1,117.07,84.1,84.1,84.1,60.88,84.1,,150.7,84.1,84.1,11936.25,6344.25,11663.5,5592.0,1031.0,3074.25,1486.75,6071.5
2022-01-01 10:30:00+00:00,11922.25,12352.25,430.0,6223.0,1129.5,369.0,1102.75,2936.25,1660.25,38.0,1105.25,635.25,915.5,44.75,361.75,84.1,84.99,84.1,84.1,84.1,84.1,84.1,117.07,84.1,84.1,84.1,60.88,84.1,,150.7,84.1,84.1,12175.5,6578.75,11663.5,5596.75,1040.25,2981.25,1575.25,6066.75
2022-01-01 10:45:00+00:00,11924.75,12230.5,305.75,6264.75,1135.75,380.0,1162.25,2740.5,1757.25,37.5,1116.0,644.75,920.0,45.75,363.25,84.1,84.99,84.1,84.1,84.1,84.1,84.1,117.07,84.1,84.1,84.1,60.88,84.1,,150.7,84.1,84.1,12166.25,6579.0,11663.5,5587.25,1051.75,2891.25,1644.25,6076.25
2022-01-01 11:00:00+00:00,11943.0,12146.25,203.25,6221.0,1127.5,367.25,1148.0,2748.0,1826.0,37.5,1128.25,660.25,912.5,242.0,363.0,94.74,94.6,94.74,94.74,94.74,94.74,94.74,117.17,94.74,94.74,94.74,70.72,94.74,,155.72,94.74,94.74,12252.5,6684.75,11744.0,5567.75,1065.75,2803.0,1699.0,6176.25
2022-01-01 11:15:00+00:00,11956.5,12114.75,158.25,6177.25,1124.5,364.75,1210.5,2685.75,1883.0,37.25,1118.5,682.5,917.5,198.25,363.0,94.74,94.6,94.74,94.74,94.74,94.74,94.74,117.17,94.74,94.74,94.74,70.72,94.74,,155.72,94.74,94.74,12265.25,6742.0,11744.0,5523.25,1086.25,2701.5,1735.5,6220.75
2022-01-01 11:30:00+00:00,12053.25,12218.25,165.0,6333.0,1117.5,365.0,1296.5,2525.25,1898.5,36.5,1139.5,689.25,916.0,207.0,362.0,94.74,94.6,94.74,94.74,94.74,94.74,94.74,117.17,94.74,94.74,94.74,70.72,94.74,,155.72,94.74,94.74,12218.75,6764.0,11744.0,5454.75,1108.0,2602.0,1744.75,6289.25
2022-01-01 11:45:00+00:00,11847.25,12009.75,162.5,6209.75,1115.75,363.75,1340.0,2444.0,1853.5,36.5,1117.25,690.5,910.75,224.25,363.5,94.74,94.6,94.74,94.74,94.74,94.74,94.74,117.17,94.74,94.74,94.74,70.72,94.74,,155.72,94.74,94.74,12229.5,6862.75,11744.0,5366.75,1131.0,2504.75,1731.0,6377.25
2022-01-01 12:00:00+00:00,11760.75,11922.5,161.75,6255.5,1111.0,364.5,1344.75,2366.5,1794.0,36.5,1064.75,687.75,888.75,321.0,364.5,96.8,96.93,96.8,96.8,96.8,96.8,96.8,120.08,96.8,96.8,96.8,74.99,96.8,,147.09,96.8,96.8,12072.5,6809.25,10924.0,5263.25,1151.75,2413.25,1698.25,5660.75
2022-01-01 12:15:00+00:00,11682.25,11947.75,265.5,6311.0,1108.0,363.5,1361.25,2289.25,1720.75,36.5,1058.0,687.25,887.25,317.0,363.5,96.8,96.93,96.8,96.8,96.8,96.8,96.8,120.08,96.8,96.8,96.8,74.99,96.8,,147.09,96.8,96.8,11929.75,6797.5,10924.0,5132.25,1178.5,2319.75,1634.0,5791.75
2022-01-01 12:30:00+00:00,11713.25,11983.25,270.0,6496.75,1108.0,366.75,1390.5,2211.75,1614.25,36.5,1058.0,686.25,887.0,333.25,362.0,96.8,96.93,96.8,96.8,96.8,96.8,96.8,120.08,96.8,96.8,96.8,74.99,96.8,,147.09,96.8,96.8,11869.0,6876.5,10924.0,4992.5,1205.75,2227.75,1559.0,5931.5
2022-01-01 12:45:00+00:00,11712.25,11946.25,234.0,6664.5,1108.75,376.0,1431.0,2143.25,1473.5,36.5,1059.0,687.5,883.5,365.5,362.0,96.8,96.93,96.8,96.8,96.8,96.8,96.8,120.08,96.8,96.8,96.8,74.99,96.8,,147.09,96.8,96.8,11808.75,6975.5,10924.0,4833.25,1232.25,2137.75,1463.25,6090.75
2022-01-01 13:00:00+00:00,11595.5,11793.25,197.75,6677.25,1107.25,367.75,1452.5,2141.25,1324.5,36.5,1098.75,710.25,913.25,586.25,361.5,97.17,98.78,97.17,97.17,97.17,97.17,97.17,124.54,97.17,97.17,97.17,87.46,97.17,,100.0,97.17,97.17,11713.75,7050.75,10394.25,4663.0,1256.25,2056.75,1350.0,5731.25
2022-01-01 13:15:00+00:00,11538.25,11680.5,142.25,6791.75,1110.5,387.0,1464.75,2093.0,1188.75,36.5,1161.0,719.25,911.75,580.75,361.75,97.17,98.78,97.17,97.17,97.17,97.17,97.17,124.54,97.17,97.17,97.17,87.46,97.17,,100.0,97.17,97.17,11612.5,7100.25,10394.25,4512.25,1275.0,2014.5,1222.75,5882.0
2022-01-01 13:30:00+00:00,11529.0,11678.25,149.25,6937.5,1116.0,377.75,1477.5,2080.25,1033.75,36.5,1253.75,747.0,906.0,578.0,362.25,97.17,98.78,97.17,97.17,97.17,97.17,97.17,124.54,97.17,97.17,97.17,87.46,97.17,,100.0,97.17,97.17,11577.75,7237.75,10394.25,4340.0,1293.0,1973.25,1073.75,6054.25
2022-01-01 13:45:00+00:00,11530.25,11657.75,127.5,7086.0,1117.5,373.75,1494.5,2089.75,860.0,36.5,1393.75,753.5,907.75,581.5,362.5,97.17,98.78,97.17,97.17,97.17,97.17,97.17,124.54,97.17,97.17,97.17,87.46,97.17,,100.0,97.17,97.17,11513.0,7360.75,10394.25,4152.25,1310.75,1932.75,908.75,6242.0
2022-01-01 14:00:00+00:00,11547.0,11687.25,140.25,7241.25,1122.0,377.5,1505.0,2130.5,670.25,36.25,1523.5,786.25,907.25,500.75,362.25,101.0,102.44,95.21,101.27,101.27,98.52,101.27,124.89,101.0,101.0,101.27,100.16,101.0,,155.0,101.0,101.0,11552.0,7617.0,10324.5,3935.0,1303.25,1895.5,736.25,6389.5
2022-01-01 14:15:00+00:00,11497.0,11599.75,102.75,7352.75,1126.0,368.5,1507.25,2149.25,487.75,36.75,1575.5,808.0,914.0,492.0,360.25,101.0,102.44,95.21,101.27,101.27,98.52,101.27,124.89,101.0,101.0,101.27,100.16,101.0,,155.0,101.0,101.0,11529.0,7743.5,10324.5,3785.5,1317.5,1904.5,563.5,6539.0
2022-01-01 14:30:00+00:00,11516.0,11544.0,28.0,7471.25,1127.5,398.75,1509.5,2211.25,324.0,37.25,1602.75,843.5,914.25,510.75,362.75,101.0,102.44,95.21,101.27,101.27,98.52,101.27,124.89,101.0,101.0,101.27,100.16,101.0,,155.0,101.0,101.0,11525.0,7888.0,10324.5,3637.0,1329.0,1917.0,391.0,6687.5
2022-01-01 14:45:00+00:00,11582.0,11606.75,24.75,7543.0,1135.25,363.5,1516.5,2327.5,195.0,37.25,1665.75,890.5,918.25,538.25,364.25,101.0,102.44,95.21,101.27,101.27,98.52,101.27,124.89,101.0,101.0,101.27,100.16,101.0,,155.0,101.0,101.0,11702.0,8188.75,10324.5,3513.25,1342.0,1932.0,239.25,6811.25
2022-01-01 15:00:00+00:00,11761.25,11785.25,24.0,7668.5,1148.5,359.75,1518.75,2477.0,97.0,37.5,1733.0,923.25,901.0,589.0,365.0,126.6,124.37,111.66,126.6,126.6,114.5,126.6,135.59,126.6,126.6,126.6,120.09,126.6,,169.78,126.6,126.6,11713.75,8294.25,10970.5,3419.5,1353.25,1952.5,113.75,7551.0
2022-01-01 15:15:00+00:00,11926.0,11949.75,23.75,7759.0,1155.5,363.0,1526.0,2609.0,32.0,37.5,1744.25,948.25,875.25,730.75,363.25,126.6,124.37,111.66,126.6,126.6,114.5,126.6,135.59,126.6,126.6,126.6,120.09,126.6,,169.78,126.6,126.6,11855.75,8403.5,10970.5,3452.25,1363.75,2032.5,56.0,7518.25
2022-01-01 15:30:00+00:00,12191.0,12198.75,7.75,7927.25,1156.25,362.5,1528.75,2730.25,4.75,37.5,1766.0,960.75,905.75,788.5,365.25,126.6,124.37,111.66,126.6,126.6,114.5,126.6,135.59,126.6,126.6,126.6,120.09,126.6,,169.78,126.6,126.6,12145.5,8650.5,10970.5,3495.0,1374.5,2112.0,8.5,7475.5
2022-01-01 15:45:00+00:00,12492.25,12495.25,3.0,8086.75,1159.75,363.0,1533.0,2871.5,1.0,37.5,1798.25,978.25,905.5,825.0,365.25,126.6,124.37,111.66,126.6,126.6,114.5,126.6,135.59,126.6,126.6,126.6,120.09,126.6,,169.78,126.6,126.6,12440.25,8860.5,10970.5,3579.75,1386.0,2191.25,2.5,7390.75
2022-01-01 16:00:00+00:00,12798.5,12801.25,2.75,8238.5,1163.25,365.75,1538.0,3021.25,0.75,37.5,1821.5,999.0,889.0,878.25,364.75,149.97,149.87,149.97,149.97,149.97,149.97,149.97,149.97,149.97,149.97,149.97,148.89,149.97,,203.1,149.97,149.97,12642.75,8978.25,11525.5,3664.5,1396.5,2268.0,0.0,7861.0
2022-01-01 16:15:00+00:00,12973.75,12978.0,4.25,8272.25,1165.75,365.25,1522.75,3178.0,0.75,37.25,1856.75,1000.25,883.25,914.25,363.0,149.97,149.87,149.97,149.97,149.97,149.97,149.97,149.97,149.97,149.97,149.97,148.89,149.97,,203.1,149.97,149.97,12800.75,9029.5,11525.5,3771.25,1404.25,2367.0,0.0,7754.25
2022-01-01 16:30:00+00:00,13142.5,13181.75,39.25,8296.75,1167.75,364.25,1508.5,3336.75,0.5,38.0,1853.25,1002.75,887.0,925.25,364.25,149.97,149.87,149.97,149.97,149.97,149.97,149.97,149.97,149.97,149.97,149.97,148.89,149.97,,203.1,149.97,149.97,12895.75,9020.75,11525.5,3875.0,1413.25,2461.75,0.0,7650.5
2022-01-01 16:45:00+00:00,13208.25,13248.25,40.0,8235.0,1167.5,363.5,1510.75,3462.0,0.5,38.0,1846.25,1022.25,889.0,912.0,366.5,149.97,149.87,149.97,149.97,149.97,149.97,149.97,149.97,149.97,149.97,149.97,148.89,149.97,,203.1,149.97,149.97,12961.0,8981.0,11525.5,3980.0,1421.0,2559.0,0.0,7545.5
2022-01-01 17:00:00+00:00,13280.0,13319.75,39.75,8169.25,1170.0,363.5,1513.0,3597.25,0.5,38.0,1894.0,1034.5,885.0,1095.5,366.25,146.33,146.36,146.33,146.33,146.33,146.33,146.33,150.71,146.33,146.33,146.33,142.3,146.33,,205.83,146.33,146.33,13052.0,8919.5,12217.5,4132.5,1480.25,2652.25,0.0,8085.0
2022-01-01 17:15:00+00:00,13326.75,13361.5,34.75,8109.25,1174.5,363.75,1509.5,3707.5,0.5,38.25,1903.25,1038.25,882.5,1085.75,365.75,146.33,146.36,146.33,146.33,146.33,146.33,146.33,150.71,146.33,146.33,146.33,142.3,146.33,,205.83,146.33,146.33,13100.25,8953.5,12217.5,4146.75,1400.25,2746.5,0.0,8070.75
2022-01-01 17:30:00+00:00,13274.25,13314.0,39.75,7953.75,1175.25,363.25,1511.0,3809.0,0.5,38.5,1905.25,1052.5,889.75,1056.0,366.5,146.33,146.36,146.33,146.33,146.33,146.33,146.33,150.71,146.33,146.33,146.33,142.3,146.33,,205.83,146.33,146.33,13113.5,8864.5,12217.5,4249.0,1407.75,2841.25,0.0,7968.5
2022-01-01 17:45:00+00:00,13230.5,13270.0,39.5,7728.75,1174.75,361.5,1515.0,3986.25,0.5,38.25,1873.5,1052.0,892.25,852.5,367.0,146.33,146.36,146.33,146.33,146.33,146.33,146.33,150.71,146.33,146.33,146.33,142.3,146.33,,205.83,146.33,146.33,13006.75,8656.0,12217.5,4350.75,1415.75,2935.0,0.0,7866.75
2022-01-01 18:00:00+00:00,13162.75,13200.25,37.5,7495.25,1169.25,359.75,1517.75,4149.25,0.5,38.0,1840.5,1020.75,900.5,917.0,367.0,140.28,140.37,140.28,140.28,140.28,140.28,140.28,143.81,140.28,140.28,140.28,137.76,140.28,,214.66,140.28,140.28,12948.0,8500.75,12961.0,4447.25,1422.75,3024.5,0.0,8513.75
2022-01-01 18:15:00+00:00,13098.25,13159.25,61.0,7365.25,1159.25,361.25,1521.25,4211.25,0.5,38.0,1830.25,1002.75,903.75,839.5,366.0,140.28,140.37,140.28,140.28,140.28,140.28,140.28,143.81,140.28,140.28,140.28,137.76,140.28,,214.66,140.28,140.28,12712.75,8179.0,12961.0,4533.75,1429.0,3104.75,0.0,8427.25
2022-01-01 18:30:00+00:00,13011.75,13073.25,61.5,7182.25,1159.25,362.5,1522.25,4306.75,0.5,38.0,1807.5,984.25,902.75,877.0,366.5,140.28,140.37,140.28,140.28,140.28,140.28,140.28,143.81,140.28,140.28,140.28,137.76,140.28,,214.66,140.28,140.28,12749.25,8128.5,12961.0,4620.75,1436.0,3184.75,0.0,8340.25
2022-01-01 18:45:00+00:00,12857.0,12910.5,53.5,6935.0,1155.75,361.5,1524.75,4396.75,0.5,38.0,1722.25,965.5,896.75,734.25,367.25,140.28,140.37,140.28,140.28,140.28,140.28,140.28,143.81,140.28,140.28,140.28,137.76,140.28,,214.66,140.28,140.28,12569.25,7861.0,12961.0,4708.25,1443.5,3264.75,0.0,8252.75
2022-01-01 19:00:00+00:00,12770.25,12831.0,60.75,6736.25,1141.25,367.0,1534.75,4498.75,0.5,38.25,1630.75,921.5,927.75,706.5,365.75,121.88,124.17,121.88,121.88,121.88,121.88,121.88,140.36,121.88,121.88,121.88,128.55,121.88,,214.66,121.88,121.88,12398.0,7603.75,13093.75,4794.25,1451.5,3342.75,0.0,8299.5
2022-01-01 19:15:00+00:00,12614.25,12677.5,63.25,6568.25,1134.0,365.25,1547.5,4498.0,0.5,38.75,1597.75,900.0,933.5,523.0,368.0,121.88,124.17,121.88,121.88,121.88,121.88,121.88,140.36,121.88,121.88,121.88,128.55,121.88,,214.66,121.88,121.88,12270.0,7395.25,13093.75,4874.75,1459.75,3415.0,0.0,8219.0
2022-01-01 19:30:00+00:00,12458.25,12500.25,42.0,6373.0,1128.0,363.5,1568.0,4516.75,0.5,39.25,1563.25,886.5,927.75,501.5,366.75,121.88,124.17,121.88,121.88,121.88,121.88,121.88,140.36,121.88,121.88,121.88,128.55,121.88,,214.66,121.88,121.88,12147.25,7191.75,13093.75,4955.5,1468.5,3487.0,0.0,8138.25
2022-01-01 19:45:00+00:00,12331.0,12370.75,39.75,6194.25,1124.0,362.25,1582.25,4554.0,0.5,39.5,1495.25,867.5,919.5,408.75,367.0,121.88,124.17,121.88,121.88,121.88,121.88,121.88,140.36,121.88,121.88,121.88,128.55,121.88,,214.66,121.88,121.88,11981.5,6947.5,13093.75,5034.0,1477.0,3557.0,0.0,8059.75
2022-01-01 20:00:00+00:00,12244.5,12262.75,18.25,6087.0,1107.25,369.0,1599.75,4557.25,0.5,39.5,1430.25,852.75,905.0,414.5,367.0,102.61,109.45,102.61,102.61,102.61,102.61,102.61,139.85,102.61,102.61,102.61,140.62,102.61,,203.0,102.61,102.61,11913.75,6798.25,12727.75,5115.5,1486.25,3629.25,0.0,7612.25
2022-01-01 20:15:00+00:00,12115.75,12166.25,50.5,5871.25,1107.75,361.5,1615.25,4628.75,0.5,39.5,1408.0,809.75,903.0,286.25,367.0,102.61,109.45,102.61,102.61,102.61,102.61,102.61,139.85,102.61,102.61,102.61,140.62,102.61,,203.0,102.61,102.61,11896.5,6698.25,12727.75,5198.25,1495.5,3702.75,0.0,7529.5
2022-01-01 20:30:00+00:00,12111.25,12180.5,69.25,5815.75,1107.25,361.25,1624.5,4670.5,0.5,39.5,1403.0,760.75,908.25,290.75,367.0,102.61,109.45,102.61,102.61,102.61,102.61,102.61,139.85,102.61,102.61,102.61,140.62,102.61,,203.0,102.61,102.61,11883.75,6602.5,12727.75,5281.25,1504.5,3776.75,0.0,7446.5
2022-01-01 20:45:00+00:00,12052.25,12135.0,82.75,5696.0,1106.0,360.75,1633.75,4722.0,0.5,39.5,1416.0,708.5,903.75,231.25,367.75,102.61,109.45,102.61,102.61,102.61,102.61,102.61,139.85,102.61,102.61,102.61,140.62,102.61,,203.0,102.61,102.61,11828.25,6461.5,12727.75,5366.75,1514.25,3852.5,0.0,7361.0
2022-01-01 21:00:00+00:00,12142.75,12271.25,128.5,5888.5,1097.75,374.5,1665.75,4588.0,0.5,39.5,1448.75,693.25,893.25,515.5,369.75,97.46,104.52,97.46,95.12,95.12,97.46,97.46,135.08,97.46,97.46,95.12,144.49,97.46,,180.0,97.46,97.46,11896.75,6497.5,12246.75,5399.25,1529.5,3869.75,0.0,6847.5
2022-01-01 21:15:00+00:00,12069.0,12203.75,134.75,5718.25,1093.25,376.25,1681.25,4669.0,0.5,39.75,1445.5,667.25,892.75,326.0,369.5,97.46,104.52,97.46,95.12,95.12,97.46,97.46,135.08,97.46,97.46,95.12,144.49,97.46,,180.0,97.46,97.46,11815.25,6355.25,12246.75,5460.0,1534.5,3925.5,0.0,6786.75
2022-01-01 21:30:00+00:00,11944.0,12076.5,132.5,5541.0,1093.25,396.5,1693.75,4708.75,0.5,39.5,1445.75,631.75,892.75,323.75,369.0,97.46,104.52,97.46,95.12,95.12,97.46,97.46,135.08,97.46,97.46,95.12,144.49,97.46,,180.0,97.46,97.46,11715.75,6193.25,12246.75,5522.5,1539.25,3983.25,0.0,6724.25
2022-01-01 21:45:00+00:00,11798.25,11917.5,119.25,5385.25,1089.5,364.0,1702.5,4710.0,0.5,39.5,1351.0,631.5,891.0,227.75,370.0,97.46,104.52,97.46,95.12,95.12,97.46,97.46,135.08,97.46,97.46,95.12,144.49,97.46,,180.0,97.46,97.46,11581.25,5993.25,12246.75,5588.0,1543.25,4044.75,0.0,6658.75
2022-01-01 22:00:00+00:00,11582.75,11601.25,18.5,5171.75,1083.5,368.5,1709.5,4701.0,0.5,39.75,1202.75,626.25,877.75,317.5,370.0,85.16,93.23,85.16,83.11,83.11,85.16,85.16,123.42,85.16,85.16,83.11,141.77,85.16,,162.44,85.16,85.16,11427.25,5773.75,11984.0,5653.5,1546.0,4107.5,0.0,6330.5
2022-01-01 22:15:00+00:00,11429.75,11511.25,81.5,4950.25,1081.5,358.5,1736.5,4742.5,0.5,39.75,1152.5,606.25,876.0,124.75,369.0,85.16,93.23,85.16,83.11,83.11,85.16,85.16,123.42,85.16,85.16,83.11,141.77,85.16,,162.44,85.16,85.16,11271.25,5554.5,11984.0,5716.75,1545.75,4171.0,0.0,6267.25
2022-01-01 22:30:00+00:00,11278.75,11425.0,146.25,4794.5,1081.25,358.75,1744.75,4739.0,0.5,40.0,1143.75,604.75,874.25,107.25,368.75,85.16,93.23,85.16,83.11,83.11,85.16,85.16,123.42,85.16,85.16,83.11,141.77,85.16,,162.44,85.16,85.16,11046.25,5264.75,11984.0,5781.5,1545.75,4235.75,0.0,6202.5
2022-01-01 22:45:00+00:00,11033.0,11378.25,345.25,4530.25,1076.75,358.5,1742.0,4760.25,0.5,40.0,1045.5,600.25,871.25,75.25,368.0,85.16,93.23,85.16,83.11,83.11,85.16,85.16,123.42,85.16,85.16,83.11,141.77,85.16,,162.44,85.16,85.16,10851.75,5007.5,11984.0,5844.25,1544.5,4299.75,0.0,6139.75
2022-01-01 23:00:00+00:00,10833.0,11469.5,636.5,4255.0,1071.0,360.25,1733.5,4844.0,0.5,40.0,919.0,593.75,849.75,41.0,368.5,57.08,63.99,57.08,57.08,34.73,57.08,57.08,113.56,57.08,89.89,34.73,88.51,57.08,,148.08,57.08,57.08,11517.5,5588.0,11903.5,5929.5,1602.25,4327.25,0.0,5974.0
2022-01-01 23:15:00+00:00,10779.75,11739.0,959.25,4215.75,1057.0,356.0,1736.25,4827.25,0.5,40.0,905.25,565.0,876.0,41.25,367.75,57.08,63.99,57.08,57.08,34.73,57.08,57.08,113.56,57.08,89.89,34.73,88.51,57.08,,148.08,57.08,57.08,11458.5,5508.75,11903.5,5949.75,1599.25,4350.5,0.0,5953.75
2022-01-01 23:30:00+00:00,10815.0,11830.5,1015.5,4341.5,1063.75,355.75,1740.0,4733.0,0.5,40.0,905.75,554.25,882.25,62.0,367.5,57.08,63.99,57.08,57.08,34.73,57.08,57.08,113.56,57.08,89.89,34.73,88.51,57.08,,148.08,57.08,57.08,11348.0,5383.0,11903.5,5965.0,1596.25,4368.75,0.0,5938.5
2022-01-01 23:45:00+00:00,10670.0,11623.25,953.25,4334.5,1067.0,356.0,1733.75,4601.25,0.5,40.0,918.0,555.0,879.5,65.5,368.0,57.08,63.99,57.08,57.08,34.73,57.08,57.08,113.56,57.08,89.89,34.73,88.51,57.08,,148.08,57.08,57.08,11266.75,5284.75,11903.5,5982.0,1591.5,4390.5,0.0,5921.5
2022-01-02 00:00:00+00:00,10658.5,11640.5,982.0,4240.5,1059.5,374.25,1723.5,4694.0,0.5,40.0,926.5,554.0,860.25,124.5,366.0,52.59,59.2,52.59,52.59,34.39,52.59,52.59,111.66,52.59,80.15,34.39,75.04,52.59,,142.85,52.59,52.59,11223.5,5271.0,11786.25,5952.5,1542.0,4410.5,0.0,5833.75
2022-01-02 00:15:00+00:00,10468.5,11569.0,1100.5,3960.75,1068.25,355.75,1705.75,4801.5,0.5,40.0,918.0,554.25,863.25,81.5,365.75,52.59,59.2,52.59,52.59,34.39,52.59,52.59,111.66,52.59,80.15,34.39,75.04,52.59,,142.85,52.59,52.59,11121.5,5160.0,11786.25,5961.5,1537.75,4423.75,0.0,5824.75
2022-01-02 00:30:00+00:00,10368.25,11535.0,1166.75,3774.0,1068.5,355.75,1697.5,4896.25,0.5,39.75,917.5,553.0,860.5,65.25,366.0,52.59,59.2,52.59,52.59,34.39,52.59,52.59,111.66,52.59,80.15,34.39,75.04,52.59,,142.85,52.59,52.59,11095.75,5128.0,11786.25,5967.75,1533.5,4434.25,0.0,5818.5
2022-01-02 00:45:00+00:00,10398.5,11432.0,1033.5,4238.75,1066.5,371.75,1708.25,4451.0,0.5,39.75,904.25,550.25,866.5,105.25,365.5,52.59,59.2,52.59,52.59,34.39,52.59,52.59,111.66,52.59,80.15,34.39,75.04,52.59,,142.85,52.59,52.59,11054.5,5083.75,11786.25,5970.75,1527.75,4443.0,0.0,5815.5
2022-01-02 01:00:00+00:00,10373.0,11340.5,967.5,4205.0,1065.5,369.0,1716.75,4450.75,0.5,39.5,890.0,546.25,865.5,128.75,366.0,48.97,52.47,48.97,48.97,34.36,48.97,48.97,106.53,48.97,62.75,34.36,45.38,48.97,,140.6,48.97,48.97,11040.0,5065.5,11728.0,5974.5,1522.75,4451.75,0.0,5753.5
2022-01-02 01:15:00+00:00,10296.25,11357.5,1061.25,4009.75,1068.25,377.25,1704.25,4581.75,0.5,39.5,879.25,548.0,862.25,92.5,365.75,48.97,52.47,48.97,48.97,34.36,48.97,48.97,106.53,48.97,62.75,34.36,45.38,48.97,,140.6,48.97,48.97,11056.0,5072.25,11728.0,5983.75,1518.25,4465.5,0.0,5744.25
2022-01-02 01:30:00+00:00,10270.75,11322.5,1051.75,4066.5,1068.25,380.0,1684.0,4519.75,0.5,39.75,876.75,549.5,857.75,92.75,364.75,48.97,52.47,48.97,48.97,34.36,48.97,48.97,106.53,48.97,62.75,34.36,45.38,48.97,,140.6,48.97,48.97,11010.25,5021.5,11728.0,5988.75,1511.75,4477.0,0.0,5739.25
2022-01-02 01:45:00+00:00,10225.0,11287.5,1062.5,4036.5,1068.0,380.5,1678.75,4509.25,0.5,39.75,874.5,548.5,861.25,73.25,365.75,48.97,52.47,48.97,48.97,34.36,48.97,48.97,106.53,48.97,62.75,34.36,45.38,48.97,,140.6,48.97,48.97,11017.75,5023.0,11728.0,5994.75,1505.75,4489.0,0.0,5733.25
2022-01-02 02:00:00+00:00,10205.5,11165.75,960.25,3992.75,1066.0,380.0,1575.75,4636.5,0.5,39.75,865.0,546.75,865.75,103.5,366.25,34.94,41.9,34.94,34.94,34.1,34.94,34.94,104.5,34.94,54.87,34.1,23.7,34.94,,100.0,34.94,34.94,10988.75,4992.75,11693.25,5996.0,1497.25,4498.75,0.0,5697.25
2022-01-02 02:15:00+00:00,10212.0,11161.75,949.75,3852.5,1067.25,379.5,1578.0,4781.0,0.5,39.0,862.5,548.5,865.0,102.0,363.75,34.94,41.9,34.94,34.94,34.1,34.94,34.94,104.5,34.94,54.87,34.1,23.7,34.94,,100.0,34.94,34.94,10986.5,4990.75,11693.25,5995.75,1488.25,4507.5,0.0,5697.5
2022-01-02 02:30:00+00:00,10240.5,11224.0,983.5,3858.75,1067.25,376.0,1561.5,4819.75,0.5,39.0,864.0,549.25,861.25,49.25,365.5,34.94,41.9,34.94,34.94,34.1,34.94,34.94,104.5,34.94,54.87,34.1,23.7,34.94,,100.0,34.94,34.94,10981.5,4984.0,11693.25,5997.5,1478.5,4519.0,0.0,5695.75
2022-01-02 02:45:00+00:00,10275.5,11300.25,1024.75,3932.75,1069.75,379.0,1559.0,4783.25,0.5,39.0,866.0,550.5,861.0,95.75,364.0,34.94,41.9,34.94,34.94,34.1,34.94,34.94,104.5,34.94,54.87,34.1,23.7,34.94,,100.0,34.94,34.94,11016.0,5018.75,11693.25,5997.25,1467.75,4529.5,0.0,5696.0
2022-01-02 03:00:00+00:00,10327.0,11353.25,1026.25,4271.5,1068.25,378.5,1521.75,4533.25,0.5,39.0,870.5,550.5,852.0,97.0,361.5,29.56,36.99,29.56,29.56,29.56,29.56,29.56,104.06,29.56,50.5,29.56,15.84,29.56,,140.6,29.56,29.56,11091.0,5095.75,11564.75,5995.25,1456.5,4538.75,0.0,5569.5
2022-01-02 03:15:00+00:00,10218.25,11247.25,1029.0,4184.0,1070.75,380.0,1522.25,4511.5,0.5,39.0,863.75,559.75,850.25,86.25,362.5,29.56,36.99,29.56,29.56,29.56,29.56,29.56,104.06,29.56,50.5,29.56,15.84,29.56,,140.6,29.56,29.56,11142.75,5165.5,11564.75,5977.25,1445.75,4531.5,0.0,5587.5
2022-01-02 03:30:00+00:00,10276.5,11321.75,1045.25,4185.5,1071.75,379.5,1512.25,4578.25,0.5,39.0,861.5,552.25,855.25,72.75,363.0,29.56,36.99,29.56,29.56,29.56,29.56,29.56,104.06,29.56,50.5,29.56,15.84,29.56,,140.6,29.56,29.56,11178.0,5218.25,11564.75,5959.75,1434.5,4525.25,0.0,5605.0
2022-01-02 03:45:00+00:00,10288.75,11298.0,1009.25,4275.0,1072.5,379.5,1481.0,4532.25,0.5,39.0,863.25,553.0,855.75,92.25,364.5,29.56,36.99,29.56,29.56,29.56,29.56,29.56,104.06,29.56,50.5,29.56,15.84,29.56,,140.6,29.56,29.56,11176.25,5234.0,11564.75,5942.25,1422.25,4520.0,0.0,5622.5
2022-01-02 04:00:00+00:00,10337.0,11365.5,1028.5,4121.25,1072.75,379.25,1553.0,4662.25,0.5,39.0,868.5,550.5,859.25,74.5,365.75,33.97,41.14,33.97,33.97,33.97,33.97,33.97,105.86,33.97,50.89,33.97,23.98,33.97,,141.93,33.97,33.97,11135.25,5209.0,11443.5,5926.25,1410.25,4516.0,0.0,5517.25
2022-01-02 04:15:00+00:00,10253.25,11276.0,1022.75,3982.25,1075.5,379.75,1579.25,4691.25,0.5,39.0,863.75,550.25,862.5,74.0,365.5,33.97,41.14,33.97,33.97,33.97,33.97,33.97,105.86,33.97,50.89,33.97,23.98,33.97,,141.93,33.97,33.97,11085.75,5160.75,11443.5,5925.0,1401.75,4523.25,0.0,5518.5
2022-01-02 04:30:00+00:00,10278.25,11224.25,946.0,4141.0,1074.0,382.5,1621.0,4515.75,0.5,38.25,866.5,551.75,862.75,81.0,363.75,33.97,41.14,33.97,33.97,33.97,33.97,33.97,105.86,33.97,50.89,33.97,23.98,33.97,,141.93,33.97,33.97,11080.75,5157.5,11443.5,5923.25,1392.0,4531.25,0.0,5520.25
2022-01-02 04:45:00+00:00,10283.25,11200.0,916.75,4359.0,1072.75,369.0,1560.75,4363.0,0.5,38.0,869.5,554.5,862.25,110.75,364.25,33.97,41.14,33.97,33.97,33.97,33.97,33.97,105.86,33.97,50.89,33.97,23.98,33.97,,141.93,33.97,33.97,11116.0,5196.75,11443.5,5919.25,1380.0,4539.25,0.0,5524.25
2022-01-02 05:00:00+00:00,10178.75,10862.25,683.5,3937.25,1085.0,369.0,1536.25,4704.75,0.5,38.0,866.5,552.5,875.25,100.75,363.25,34.52,43.65,34.52,34.52,34.52,34.52,34.52,111.97,34.52,56.15,34.52,35.88,34.52,,147.09,34.52,34.52,10993.25,5013.25,11596.5,5980.0,1369.5,4610.5,0.0,5616.5
2022-01-02 05:15:00+00:00,10158.25,10714.5,556.25,3973.5,1088.75,366.0,1478.0,4706.25,0.5,37.75,861.75,557.5,878.25,102.25,361.5,34.52,43.65,34.52,34.52,34.52,34.52,34.52,111.97,34.52,56.15,34.52,35.88,34.52,,147.09,34.52,34.52,11018.0,5024.0,11596.5,5994.0,1356.0,4638.0,0.0,5602.5
2022-01-02 05:30:00+00:00,10193.75,10658.5,464.75,3816.25,1088.75,352.75,1523.0,4854.0,0.5,38.0,860.0,556.75,874.75,48.0,362.5,34.52,43.65,34.52,34.52,34.52,34.52,34.52,111.97,34.52,56.15,34.52,35.88,34.52,,147.09,34.52,34.52,11007.75,4999.25,11596.5,6008.5,1342.75,4665.75,0.0,5588.0
2022-01-02 05:45:00+00:00,10284.75,10742.75,458.0,3995.25,1088.0,351.75,1463.25,4825.75,0.5,38.5,863.0,559.0,880.25,41.5,363.0,34.52,43.65,34.52,34.52,34.52,34.52,34.52,111.97,34.52,56.15,34.52,35.88,34.52,,147.09,34.52,34.52,11044.5,5024.25,11596.5,6020.25,1327.25,4693.0,0.0,5576.25
2022-01-02 06:00:00+00:00,10431.5,10868.75,437.25,4145.75,1093.0,351.75,1372.75,4912.5,0.5,38.5,863.25,557.75,892.75,200.5,364.75,41.8,49.96,41.8,41.8,41.8,41.8,41.8,105.22,41.8,60.91,41.8,49.0,41.8,,152.61,41.8,41.8,11004.0,4967.0,11972.5,6037.0,1314.0,4723.0,0.0,5935.5
2022-01-02 06:15:00+00:00,10580.5,10997.5,417.0,4127.0,1097.5,351.0,1347.75,5105.25,0.5,38.0,860.25,557.25,885.75,222.0,363.0,41.8,49.96,41.8,41.8,41.8,41.8,41.8,105.22,41.8,60.91,41.8,49.0,41.8,,152.61,41.8,41.8,11123.25,5046.5,11972.5,6076.75,1312.5,4764.25,0.0,5895.75
2022-01-02 06:30:00+00:00,10748.25,11089.0,340.75,4156.5,1101.25,349.5,1309.75,5281.5,0.5,38.0,865.5,557.75,883.5,211.25,363.25,41.8,49.96,41.8,41.8,41.8,41.8,41.8,105.22,41.8,60.91,41.8,49.0,41.8,,152.61,41.8,41.8,11288.25,5169.75,11972.5,6118.5,1311.0,4807.5,0.0,5854.0
2022-01-02 06:45:00+00:00,10925.0,11228.0,303.0,4177.5,1108.75,353.0,1346.75,5399.75,1.0,38.0,880.25,561.5,891.75,207.75,365.0,41.8,49.96,41.8,41.8,41.8,41.8,41.8,105.22,41.8,60.91,41.8,49.0,41.8,,152.61,41.8,41.8,11432.25,5270.5,11972.5,6161.75,1308.75,4853.0,0.0,5810.75
2022-01-02 07:00:00+00:00,11161.25,11593.0,431.75,4141.25,1122.0,351.5,1421.0,5592.25,6.75,38.0,898.0,516.5,911.0,372.0,363.75,48.95,58.52,48.95,48.95,48.95,48.95,48.95,111.53,48.95,65.54,48.95,75.05,48.95,,152.59,48.95,48.95,11578.75,5368.75,12551.25,6210.0,1303.0,4903.5,3.5,6341.25
2022-01-02 07:15:00+00:00,11356.5,11681.0,324.5,4164.75,1126.25,358.25,1427.75,5728.0,36.0,38.0,906.25,517.25,907.5,375.75,363.5,48.95,58.52,48.95,48.95,48.95,48.95,48.95,111.53,48.95,65.54,48.95,75.05,48.95,,152.59,48.95,48.95,11715.5,5435.75,12551.25,6279.75,1293.75,4965.0,21.0,6271.5
2022-01-02 07:30:00+00:00,11580.5,11771.5,191.0,4403.25,1128.25,354.25,1404.0,5665.75,107.5,37.75,904.0,518.5,906.0,404.25,363.5,48.95,58.52,48.95,48.95,48.95,48.95,48.95,111.53,48.95,65.54,48.95,75.05,48.95,,152.59,48.95,48.95,11946.75,5539.0,12551.25,6407.75,1284.0,5029.5,94.25,6143.5
2022-01-02 07:45:00+00:00,11768.5,11978.5,210.0,4458.0,1130.25,353.25,1368.0,5755.75,186.75,38.0,907.75,519.5,909.75,404.25,363.5,48.95,58.52,48.95,48.95,48.95,48.95,48.95,111.53,48.95,65.54,48.95,75.05,48.95,,152.59,48.95,48.95,12202.25,5669.25,12551.25,6533.0,1274.5,5093.5,165.0,6018.25
2022-01-02 08:00:00+00:00,12045.0,12346.75,301.75,4616.5,1131.75,352.75,1313.25,5822.0,293.25,38.0,904.25,524.75,893.75,364.75,362.25,60.01,69.83,60.01,60.01,60.01,60.01,60.01,115.81,60.01,86.18,60.01,86.01,60.01,,155.72,60.01,60.01,12448.0,5760.25,13310.75,6687.75,1265.0,5167.0,255.75,6623.0
2022-01-02 08:15:00+00:00,12169.25,12414.0,244.75,4475.0,1136.0,354.25,1307.25,5970.25,416.75,38.5,901.75,530.5,893.0,378.0,363.25,60.01,69.83,60.01,60.01,60.01,60.01,60.01,115.81,60.01,86.18,60.01,86.01,60.01,,155.72,60.01,60.01,12711.5,5844.75,13310.75,6866.75,1266.5,5239.5,360.75,6444.0
2022-01-02 08:30:00+00:00,12236.75,12491.75,255.0,4485.75,1140.25,354.5,1258.75,5942.75,549.5,38.25,906.25,529.25,890.5,377.5,362.25,60.01,69.83,60.01,60.01,60.01,60.01,60.01,115.81,60.01,86.18,60.01,86.01,60.01,,155.72,60.01,60.01,12834.5,5769.25,13310.75,7065.25,1267.25,5322.75,475.25,6245.5
2022-01-02 08:45:00+00:00,12356.25,12622.5,266.25,4456.25,1140.5,355.75,1219.25,5978.5,702.25,37.75,898.25,532.0,888.5,346.25,362.5,60.01,69.83,60.01,60.01,60.01,60.01,60.01,115.81,60.01,86.18,60.01,86.01,60.01,,155.72,60.01,60.01,12982.25,5715.0,13310.75,7267.25,1264.75,5405.0,597.5,6043.5
2022-01-02 09:00:00+00:00,12581.25,12806.5,225.25,4244.0,1138.5,355.0,1322.5,6168.75,846.0,38.0,894.5,545.0,889.75,365.0,363.0,70.09,77.12,70.09,70.09,70.09,70.09,70.09,121.94,70.09,89.71,70.09,75.92,70.09,,167.98,70.09,70.09,13135.25,5684.25,14267.0,7451.0,1265.0,5482.0,704.0,6816.0
2022-01-02 09:15:00+00:00,12629.25,12846.25,217.0,4056.75,1142.0,354.75,1364.75,6247.25,960.5,38.5,892.25,545.5,888.0,314.5,362.5,70.09,77.12,70.09,70.09,70.09,70.09,70.09,121.94,70.09,89.71,70.09,75.92,70.09,,167.98,70.09,70.09,13285.5,5645.25,14267.0,7640.25,1281.25,5551.5,807.5,6626.75
2022-01-02 09:30:00+00:00,12850.5,13060.5,210.0,4255.5,1145.0,367.25,1349.25,6214.75,1031.0,38.75,898.5,548.75,887.75,325.0,363.0,70.09,77.12,70.09,70.09,70.09,70.09,70.09,121.94,70.09,89.71,70.09,75.92,70.09,,167.98,70.09,70.09,13381.25,5570.0,14267.0,7811.25,1294.0,5612.0,905.25,6455.75
2022-01-02 09:45:00+00:00,13013.5,13335.75,322.25,4134.5,1145.5,356.0,1394.0,6356.25,1128.75,38.5,893.5,549.75,882.0,340.75,362.0,70.09,77.12,70.09,70.09,70.09,70.09,70.09,121.94,70.09,89.71,70.09,75.92,70.09,,167.98,70.09,70.09,13490.75,5525.0,14267.0,7965.75,1304.75,5667.0,994.0,6301.25
2022-01-02 10:00:00+00:00,13261.75,13400.5,138.75,4074.5,1140.0,359.75,1450.25,6545.0,1192.0,38.5,880.0,547.25,872.0,177.0,363.0,66.26,73.86,66.26,66.26,66.26,66.26,66.26,121.3,66.26,91.12,66.26,69.91,66.26,,175.08,66.26,66.26,13699.5,5592.5,15301.75,8107.0,1312.0,5721.5,1073.5,7194.75
2022-01-02 10:15:00+00:00,13539.5,13702.5,163.0,4158.25,1135.75,357.25,1511.0,6601.5,1268.75,38.25,864.75,550.0,866.75,169.0,363.25,66.26,73.86,66.26,66.26,66.26,66.26,66.26,121.3,66.26,91.12,66.26,69.91,66.26,,175.08,66.26,66.26,13860.25,5536.75,15301.75,8323.5,1327.5,5849.0,1147.0,6978.25
2022-01-02 10:30:00+00:00,13665.75,13890.25,224.5,4091.75,1136.75,354.75,1554.75,6675.5,1343.75,37.75,867.5,551.0,876.75,195.0,363.0,66.26,73.86,66.26,66.26,66.26,66.26,66.26,121.3,66.26,91.12,66.26,69.91,66.26,,175.08,66.26,66.26,13963.75,5449.25,15301.75,8514.5,1340.5,5977.0,1197.0,6787.25
2022-01-02 10:45:00+00:00,13693.0,14023.25,330.25,3893.75,1132.5,355.5,1600.25,6812.5,1386.5,38.0,867.25,553.75,879.75,198.25,363.75,66.26,73.86,66.26,66.26,66.26,66.26,66.26,121.3,66.26,91.12,66.26,69.91,66.26,,175.08,66.26,66.26,13944.75,5269.0,15301.75,8675.75,1353.25,6097.75,1224.75,6626.0
2022-01-02 11:00:00+00:00,13822.75,14006.75,184.0,3802.5,1116.5,372.0,1622.5,7028.5,1369.25,37.75,870.75,555.75,878.25,189.0,363.0,64.54,72.29,64.54,64.54,64.54,64.54,64.54,112.43,64.54,91.4,64.54,75.04,64.54,,189.58,64.54,64.54,13988.25,5178.75,15848.0,8809.5,1363.25,6203.75,1242.5,7038.5
2022-01-02 11:15:00+00:00,13795.5,13955.75,160.25,3696.25,1108.5,356.25,1655.0,7124.5,1319.75,37.75,871.5,555.5,880.75,85.25,364.25,64.54,72.29,64.54,64.54,64.54,64.54,64.54,112.43,64.54,91.4,64.54,75.04,64.54,,189.58,64.54,64.54,13934.0,4975.0,15848.0,8959.0,1370.25,6337.75,1251.0,6889.0
2022-01-02 11:30:00+00:00,13763.25,14009.0,245.75,3724.75,1105.5,368.75,1577.0,7230.5,1231.0,37.5,891.25,555.75,887.5,150.5,364.5,64.54,72.29,64.54,64.54,64.54,64.54,64.54,112.43,64.54,91.4,64.54,75.04,64.54,,189.58,64.54,64.54,13855.5,4773.0,15848.0,9082.5,1376.75,6470.75,1235.0,6765.5
2022-01-02 11:45:00+00:00,13688.25,14000.0,311.75,3552.5,1106.5,352.0,1474.5,7523.0,1138.25,37.5,891.25,555.25,884.25,125.25,364.0,64.54,72.29,64.54,64.54,64.54,64.54,64.54,112.43,64.54,91.4,64.54,75.04,64.54,,189.58,64.54,64.54,13820.75,4633.5,15848.0,9187.25,1382.75,6607.25,1197.25,6660.75
2022-01-02 12:00:00+00:00,13556.75,13803.5,246.75,3557.0,1102.75,355.75,1455.25,7484.25,1060.25,37.5,877.5,556.25,885.25,163.25,362.75,46.96,57.02,46.96,46.96,46.96,46.96,46.96,111.39,46.96,91.44,46.96,48.76,46.96,,169.69,46.96,73.77,13800.75,4498.25,15820.5,9302.5,1389.25,6758.25,1155.0,6518.0
2022-01-02 12:15:00+00:00,13462.75,13844.5,381.75,3351.5,1100.5,352.25,1504.25,7607.25,999.75,37.75,871.25,554.75,886.25,116.5,364.0,46.96,57.02,46.96,46.96,46.96,46.96,46.96,111.39,46.96,91.44,46.96,48.76,46.96,,169.69,46.96,73.77,13710.0,4294.75,15820.5,9415.25,1395.75,6911.5,1108.0,6405.25
2022-01-02 12:30:00+00:00,13387.75,13824.5,436.75,3235.5,1097.75,354.25,1512.5,7719.0,920.75,37.75,873.0,554.0,890.5,71.5,364.0,46.96,57.02,46.96,46.96,46.96,46.96,46.96,111.39,46.96,91.44,46.96,48.76,46.96,,169.69,46.96,73.77,13626.5,4123.25,15820.5,9503.25,1401.75,7050.25,1051.25,6317.25
2022-01-02 12:45:00+00:00,13439.25,13900.75,461.5,3383.5,1094.75,353.0,1509.25,7693.0,853.5,37.75,872.5,552.0,888.5,61.5,364.0,46.96,57.02,46.96,46.96,46.96,46.96,46.96,111.39,46.96,91.44,46.96,48.76,46.96,,169.69,46.96,73.77,13559.25,3989.0,15820.5,9570.25,1407.75,7184.75,977.75,6250.25
2022-01-02 13:00:00+00:00,13373.0,13760.0,387.0,3240.5,1092.0,353.25,1492.25,7840.5,799.75,37.75,872.5,548.25,880.25,84.75,364.25,40.01,60.41,41.95,49.06,49.06,40.01,49.06,111.48,65.19,86.25,49.06,58.25,65.19,,155.72,65.19,133.97,13524.75,3897.25,15943.75,9627.5,1413.0,7310.5,904.0,6316.25
2022-01-02 13:15:00+00:00,13316.0,13709.25,393.25,3117.75,1092.5,350.25,1403.25,8086.25,708.75,37.75,873.5,547.5,880.25,75.5,364.5,40.01,60.41,41.95,49.06,49.06,40.01,49.06,111.48,65.19,86.25,49.06,58.25,65.19,,155.72,65.19,133.97,13455.25,3766.5,15943.75,9688.75,1405.25,7458.0,825.5,6255.0
2022-01-02 13:30:00+00:00,13250.25,13663.5,413.25,3148.5,1091.25,365.25,1377.5,8116.0,608.25,37.75,877.25,547.0,874.0,63.25,364.25,40.01,60.41,41.95,49.06,49.06,40.01,49.06,111.48,65.19,86.25,49.06,58.25,65.19,,155.72,65.19,133.97,13408.5,3656.5,15943.75,9752.0,1414.75,7612.75,724.5,6191.75
2022-01-02 13:45:00+00:00,13252.0,13697.75,445.75,3282.0,1093.5,353.75,1407.5,8062.0,500.5,37.75,879.25,546.25,867.5,88.75,364.75,40.01,60.41,41.95,49.06,49.06,40.01,49.06,111.48,65.19,86.25,49.06,58.25,65.19,,155.72,65.19,133.97,13306.0,3511.25,15943.75,9794.75,1424.25,7759.0,611.5,6149.0
2022-01-02 14:00:00+00:00,13398.25,13831.0,432.75,3332.5,1097.0,366.0,1408.5,8250.75,406.5,37.5,871.0,569.0,869.75,95.25,366.0,29.11,74.02,48.31,74.99,74.99,39.3,74.99,118.19,60.07,81.09,74.99,86.25,81.09,,167.75,60.07,157.92,13320.5,3505.5,15994.5,9815.0,1431.5,7893.0,490.5,6179.5
2022-01-02 14:15:00+00:00,13393.5,13851.5,458.0,3322.5,1099.75,353.0,1429.5,8334.5,307.0,37.75,875.5,569.0,877.5,94.75,366.25,29.11,74.02,48.31,74.99,74.99,39.3,74.99,118.19,60.07,81.09,74.99,86.25,81.09,,167.75,60.07,157.92,13258.25,3445.75,15994.5,9812.5,1434.5,8003.5,374.5,6182.0
2022-01-02 14:30:00+00:00,13450.75,13927.0,476.25,3213.75,1101.75,350.5,1466.25,8567.75,203.0,38.25,867.25,570.0,872.25,95.0,367.75,29.11,74.02,48.31,74.99,74.99,39.3,74.99,118.19,60.07,81.09,74.99,86.25,81.09,,167.75,60.07,157.92,13217.25,3408.5,15994.5,9808.75,1436.0,8110.0,262.75,6185.75
2022-01-02 14:45:00+00:00,13494.0,13927.25,433.25,3406.25,1106.25,351.5,1523.25,8451.75,112.75,38.25,871.5,575.5,862.5,96.0,369.75,29.11,74.02,48.31,74.99,74.99,39.3,74.99,118.19,60.07,81.09,74.99,86.25,81.09,,167.75,60.07,157.92,13277.75,3470.5,15994.5,9807.25,1437.0,8206.0,164.25,6187.25
2022-01-02 15:00:00+00:00,13759.5,14238.0,478.5,3729.25,1118.0,363.5,1579.25,8407.0,44.0,38.25,866.0,574.75,861.0,127.25,369.25,32.76,83.76,51.91,88.15,88.15,40.79,85.0,122.3,88.46,88.46,88.15,91.51,88.46,,194.21,88.46,194.21,13329.75,3509.25,16252.0,9820.5,1437.5,8293.5,89.5,6431.5
2022-01-02 15:15:00+00:00,13894.0,14336.75,442.75,3808.75,1120.75,381.0,1571.0,8504.5,9.75,38.25,869.5,578.0,866.75,133.25,367.5,32.76,83.76,51.91,88.15,88.15,40.79,85.0,122.3,88.46,88.46,88.15,91.51,88.46,,194.21,88.46,194.21,13435.0,3590.5,16252.0,9844.5,1452.0,8354.5,38.0,6407.5
2022-01-02 15:30:00+00:00,14034.0,14399.25,365.25,3719.5,1122.25,376.5,1561.5,8751.75,1.25,38.25,870.25,594.25,864.0,133.0,367.5,32.76,83.76,51.91,88.15,88.15,40.79,85.0,122.3,88.46,88.46,88.15,91.51,88.46,,194.21,88.46,194.21,13668.0,3781.5,16252.0,9886.5,1465.75,8412.5,8.25,6365.5
2022-01-02 15:45:00+00:00,14348.25,14647.0,298.75,3815.75,1130.25,351.0,1591.25,8940.25,1.0,38.25,888.0,600.5,869.5,98.75,367.25,32.76,83.76,51.91,88.15,88.15,40.79,85.0,122.3,88.46,88.46,88.15,91.51,88.46,,194.21,88.46,194.21,13926.0,3974.25,16252.0,9951.75,1477.5,8472.0,2.25,6300.25
2022-01-02 16:00:00+00:00,14625.5,14934.0,308.5,4098.5,1138.0,350.25,1590.75,8935.5,0.75,38.0,908.0,605.0,857.0,111.25,366.5,42.97,93.85,56.04,95.4,95.4,47.91,100.0,129.79,95.4,95.4,95.4,126.25,95.4,,245.0,95.4,245.0,14180.5,4166.5,16878.0,10014.0,1489.25,8524.75,0.0,6864.0
2022-01-02 16:15:00+00:00,14752.25,14978.75,226.5,4231.25,1143.0,350.25,1574.75,8945.5,0.75,38.25,917.0,607.5,847.25,113.5,367.5,42.97,93.85,56.04,95.4,95.4,47.91,100.0,129.79,95.4,95.4,95.4,126.25,95.4,,245.0,95.4,245.0,14267.5,4215.25,16878.0,10052.25,1499.5,8552.75,0.0,6825.75
2022-01-02 16:30:00+00:00,14864.5,15004.25,139.75,4255.75,1145.25,359.0,1582.5,9025.5,0.75,38.0,922.75,610.5,851.75,109.5,367.25,42.97,93.85,56.04,95.4,95.4,47.91,100.0,129.79,95.4,95.4,95.4,126.25,95.4,,245.0,95.4,245.0,14373.5,4286.25,16878.0,10087.25,1508.75,8578.5,0.0,6790.75
2022-01-02 16:45:00+00:00,14891.75,15040.0,148.25,4302.75,1150.75,352.5,1613.25,8975.0,0.75,38.0,916.75,609.25,857.75,152.0,367.25,42.97,93.85,56.04,95.4,95.4,47.91,100.0,129.79,95.4,95.4,95.4,126.25,95.4,,245.0,95.4,245.0,14440.25,4316.75,16878.0,10123.5,1518.0,8605.5,0.0,6754.5
2022-01-02 17:00:00+00:00,14837.25,14952.0,114.75,4156.25,1150.5,363.5,1616.5,9064.0,0.5,38.0,916.5,600.25,863.5,158.75,366.5,60.96,93.41,69.32,87.84,86.71,65.09,109.9,135.97,86.71,86.71,86.71,125.88,86.71,,225.19,86.71,225.19,14543.0,4391.0,17179.25,10152.0,1525.25,8626.75,0.0,7027.25
2022-01-02 17:15:00+00:00,14835.5,14947.75,112.25,4079.5,1155.0,364.0,1641.75,9113.75,0.5,38.0,918.25,600.25,866.0,136.25,368.25,60.96,93.41,69.32,87.84,86.71,65.09,109.9,135.97,86.71,86.71,86.71,125.88,86.71,,225.19,86.71,225.19,14592.75,4425.0,17179.25,10167.75,1533.0,8634.75,0.0,7011.5
2022-01-02 17:30:00+00:00,14865.25,14993.75,128.5,4147.75,1157.25,363.75,1643.25,9073.75,0.5,38.0,921.0,600.25,860.75,153.25,367.75,60.96,93.41,69.32,87.84,86.71,65.09,109.9,135.97,86.71,86.71,86.71,125.88,86.71,,225.19,86.71,225.19,14626.5,4444.5,17179.25,10182.0,1540.0,8642.0,0.0,6997.25
2022-01-02 17:45:00+00:00,14778.0,14884.0,106.0,4178.0,1157.75,370.25,1637.75,8961.75,0.5,38.0,910.0,601.25,864.25,173.0,367.0,60.96,93.41,69.32,87.84,86.71,65.09,109.9,135.97,86.71,86.71,86.71,125.88,86.71,,225.19,86.71,225.19,14580.75,4387.25,17179.25,10193.5,1547.75,8645.75,0.0,6985.75
2022-01-02 18:00:00+00:00,14647.5,14931.75,284.25,4071.0,1156.25,382.75,1654.5,8921.5,0.5,38.0,896.5,596.25,857.75,322.0,367.5,60.94,83.25,69.5,71.27,71.27,67.85,99.9,128.33,71.72,82.14,71.27,110.73,71.72,,216.29,71.72,179.59,14597.5,4395.5,17142.25,10202.0,1552.5,8649.5,0.0,6940.25
2022-01-02 18:15:00+00:00,14543.75,14827.75,284.0,4018.5,1155.5,387.75,1695.25,8829.75,0.25,38.25,893.25,597.25,859.0,225.75,366.75,60.94,83.25,69.5,71.27,71.27,67.85,99.9,128.33,71.72,82.14,71.27,110.73,71.72,,216.29,71.72,179.59,14532.0,4343.25,17142.25,10188.75,1559.0,8629.75,0.0,6953.5
2022-01-02 18:30:00+00:00,14451.25,14703.75,252.5,4144.5,1153.25,392.0,1679.0,8627.25,0.5,38.0,891.5,595.75,858.25,179.0,366.75,60.94,83.25,69.5,71.27,71.27,67.85,99.9,128.33,71.72,82.14,71.27,110.73,71.72,,216.29,71.72,179.59,14420.0,4245.25,17142.25,10174.75,1564.25,8610.5,0.0,6967.5
2022-01-02 18:45:00+00:00,14259.5,14515.25,255.75,3980.75,1151.25,355.0,1704.0,8574.25,0.5,38.25,900.75,595.75,859.25,124.25,367.5,60.94,83.25,69.5,71.27,71.27,67.85,99.9,128.33,71.72,82.14,71.27,110.73,71.72,,216.29,71.72,179.59,14300.5,4149.5,17142.25,10151.0,1570.25,8580.75,0.0,6991.25
2022-01-02 19:00:00+00:00,14096.5,14501.25,404.75,3808.5,1146.25,386.0,1712.0,8575.5,0.5,38.25,902.5,587.0,866.5,393.5,367.25,54.12,70.35,62.22,54.12,54.12,62.22,77.0,116.32,56.73,89.38,54.12,90.9,56.73,,199.64,56.73,163.74,14235.5,4108.75,16638.5,10126.75,1582.25,8544.5,0.0,6511.75
2022-01-02 19:15:00+00:00,13920.5,14335.5,415.0,3577.0,1144.75,362.0,1756.5,8586.5,0.5,38.25,906.5,583.5,872.5,338.25,367.0,54.12,70.35,62.22,54.12,54.12,62.22,77.0,116.32,56.73,89.38,54.12,90.9,56.73,,199.64,56.73,163.74,14112.0,4036.75,16638.5,10075.25,1581.0,8494.25,0.0,6563.25
2022-01-02 19:30:00+00:00,13736.5,14115.75,379.25,3529.25,1143.75,366.0,1757.75,8449.0,0.5,38.25,897.5,578.5,866.5,223.0,367.25,54.12,70.35,62.22,54.12,54.12,62.22,77.0,116.32,56.73,89.38,54.12,90.9,56.73,,199.64,56.73,163.74,13900.0,3857.75,16638.5,10042.25,1580.5,8461.75,0.0,6596.25
2022-01-02 19:45:00+00:00,13559.75,13940.5,380.75,3486.25,1140.5,360.25,1726.5,8346.5,0.5,38.25,891.25,576.75,856.25,186.75,366.75,54.12,70.35,62.22,54.12,54.12,62.22,77.0,116.32,56.73,89.38,54.12,90.9,56.73,,199.64,56.73,163.74,13756.25,3747.5,16638.5,10008.75,1579.75,8429.0,0.0,6629.75
2022-01-02 20:00:00+00:00,13404.75,13764.75,360.0,3386.0,1120.75,363.25,1719.0,8299.25,0.5,38.25,887.75,556.25,842.75,301.75,367.25,46.16,58.45,46.16,46.16,46.16,46.16,46.16,110.2,46.16,73.66,46.16,89.78,46.16,,178.41,46.16,113.0,13662.25,3686.5,16143.75,9975.75,1579.0,8396.75,0.0,6168.0
2022-01-02 20:15:00+00:00,13298.5,13661.25,362.75,3401.5,1111.0,357.5,1692.75,8203.75,0.5,38.0,873.25,554.5,846.0,246.0,367.5,46.16,58.45,46.16,46.16,46.16,46.16,46.16,110.2,46.16,73.66,46.16,89.78,46.16,,178.41,46.16,113.0,13592.5,3650.0,16143.75,9942.5,1578.25,8364.25,0.0,6201.25
2022-01-02 20:30:00+00:00,13183.25,13523.25,340.0,3400.25,1111.5,350.75,1651.0,8131.5,0.5,38.25,873.75,554.0,850.5,228.25,368.25,46.16,58.45,46.16,46.16,46.16,46.16,46.16,110.2,46.16,73.66,46.16,89.78,46.16,,178.41,46.16,113.0,13516.0,3609.75,16143.75,9906.25,1576.75,8329.5,0.0,6237.5
2022-01-02 20:45:00+00:00,13073.75,13467.75,394.0,3485.5,1111.75,350.5,1617.75,7970.0,0.5,38.25,877.5,555.0,849.5,224.0,367.0,46.16,58.45,46.16,46.16,46.16,46.16,46.16,110.2,46.16,73.66,46.16,89.78,46.16,,178.41,46.16,113.0,13501.0,3644.5,16143.75,9856.5,1575.25,8281.25,0.0,6287.25
2022-01-02 21:00:00+00:00,13127.25,13689.75,562.5,3831.0,1101.25,353.5,1568.25,7727.5,0.5,38.25,878.5,553.0,867.0,407.25,368.75,46.29,58.08,46.29,46.29,46.29,46.29,46.29,104.81,46.29,74.28,46.29,89.44,46.29,,154.44,46.29,46.29,13647.0,3987.25,15761.0,9659.75,1574.5,8085.25,0.0,6101.25
2022-01-02 21:15:00+00:00,12997.0,13566.5,569.5,3774.0,1098.5,354.75,1528.0,7694.5,0.5,38.25,873.5,548.0,847.25,349.75,369.75,46.29,58.08,46.29,46.29,46.29,46.29,46.29,104.81,46.29,74.28,46.29,89.44,46.29,,154.44,46.29,46.29,13550.5,3950.25,15761.0,9600.25,1576.25,8024.0,0.0,6160.75
2022-01-02 21:30:00+00:00,12782.0,13336.25,554.25,3672.0,1092.75,368.25,1489.5,7620.0,0.5,38.25,882.5,541.5,863.5,306.75,370.75,46.29,58.08,46.29,46.29,46.29,46.29,46.29,104.81,46.29,74.28,46.29,89.44,46.29,,154.44,46.29,46.29,13390.75,3817.25,15761.0,9573.5,1577.75,7995.75,0.0,6187.5
2022-01-02 21:45:00+00:00,12519.25,13110.5,591.25,3468.0,1091.25,347.75,1451.25,7599.5,0.5,38.25,876.5,541.5,869.0,159.75,369.75,46.29,58.08,46.29,46.29,46.29,46.29,46.29,104.81,46.29,74.28,46.29,89.44,46.29,,154.44,46.29,46.29,13209.25,3668.75,15761.0,9540.5,1579.0,7961.5,0.0,6220.5
2022-01-02 22:00:00+00:00,12367.25,12804.75,437.5,3353.25,1082.0,350.25,1425.25,7588.25,0.5,38.25,871.25,540.75,832.5,354.75,368.75,32.93,47.09,32.93,32.93,32.93,32.93,32.93,110.16,32.93,57.04,32.93,87.38,32.93,,144.79,32.93,32.93,12970.5,3465.0,15438.0,9505.5,1581.0,7924.5,0.0,5932.5
2022-01-02 22:15:00+00:00,12131.75,12605.75,474.0,3082.5,1079.5,347.25,1458.5,7590.25,0.5,38.25,877.25,536.75,820.5,187.25,368.5,32.93,47.09,32.93,32.93,32.93,32.93,32.93,110.16,32.93,57.04,32.93,87.38,32.93,,144.79,32.93,32.93,12855.75,3365.5,15438.0,9490.25,1585.75,7904.5,0.0,5947.75
2022-01-02 22:30:00+00:00,12011.0,12489.75,478.75,3114.75,1074.5,348.75,1495.5,7400.25,0.5,38.5,882.25,534.75,823.5,114.25,368.0,32.93,47.09,32.93,32.93,32.93,32.93,32.93,110.16,32.93,57.04,32.93,87.38,32.93,,144.79,32.93,32.93,12691.75,3216.25,15438.0,9475.5,1591.0,7884.5,0.0,5962.5
2022-01-02 22:45:00+00:00,11824.5,12459.75,635.25,2884.5,1071.5,347.5,1589.75,7349.75,0.5,38.5,893.75,530.75,830.5,68.25,368.25,32.93,47.09,32.93,32.93,32.93,32.93,32.93,110.16,32.93,57.04,32.93,87.38,32.93,,144.79,32.93,32.93,12587.75,3135.75,15438.0,9452.0,1594.25,7857.75,0.0,5986.0
2022-01-02 23:00:00+00:00,11599.0,12309.75,710.75,2761.25,1059.75,350.75,1547.0,7290.25,0.5,38.25,909.25,525.75,863.5,81.25,365.5,0.31,27.34,-0.7,13.2,13.2,2.71,0.31,124.99,20.89,21.82,20.89,62.55,20.89,,127.0,20.89,20.89,12479.25,3346.25,14618.5,9133.0,1572.75,7560.25,0.0,5485.5
2022-01-02 23:15:00+00:00,11520.25,12352.0,831.75,2702.75,1056.5,351.5,1556.0,7261.0,0.5,38.25,913.0,524.5,867.75,47.5,365.75,0.31,27.34,-0.7,13.2,13.2,2.71,0.31,124.99,20.89,21.82,20.89,62.55,20.89,,127.0,20.89,20.89,12327.25,3166.5,14618.5,9160.75,1594.25,7566.5,0.0,5457.75
2022-01-02 23:30:00+00:00,11428.5,12291.75,863.25,2711.75,1057.75,366.0,1568.5,7147.75,0.5,38.25,912.0,521.25,878.25,58.5,366.75,0.31,27.34,-0.7,13.2,13.2,2.71,0.31,124.99,20.89,21.82,20.89,62.55,20.89,,127.0,20.89,20.89,12206.25,3035.75,14618.5,9170.5,1614.0,7556.5,0.0,5448.0
2022-01-02 23:45:00+00:00,11267.5,12251.25,983.75,2673.5,1051.75,351.5,1582.5,7011.0,0.5,38.25,942.25,522.25,876.5,64.75,365.5,0.31,27.34,-0.7,13.2,13.2,2.71,0.31,124.99,20.89,21.82,20.89,62.55,20.89,,127.0,20.89,20.89,12066.0,2934.75,14618.5,9131.25,1592.0,7539.25,0.0,5487.25
2022-01-03 00:00:00+00:00,11173.25,12221.75,1048.5,2805.75,1051.75,377.75,1558.25,6808.75,0.5,38.25,1002.75,516.5,853.25,102.25,364.75,-0.01,21.11,-1.34,19.92,19.92,1.71,-0.01,123.41,9.7,19.62,19.92,9.66,9.7,,127.0,9.7,9.7,11979.75,2880.75,14262.75,9099.0,1580.75,7518.25,0.0,5163.75
2022-01-03 00:15:00+00:00,11033.25,12098.25,1065.0,2932.75,1057.25,363.25,1510.5,6589.5,0.5,38.0,1004.75,516.25,841.25,98.75,364.0,-0.01,21.11,-1.34,19.92,19.92,1.71,-0.01,123.41,9.7,19.62,19.92,9.66,9.7,,127.0,9.7,9.7,11876.0,2754.25,14262.75,9121.75,1587.25,7534.5,0.0,5141.0
2022-01-03 00:30:00+00:00,10996.5,12044.0,1047.5,3017.5,1055.25,363.75,1503.5,6475.0,0.5,37.75,992.75,514.0,837.0,95.25,362.5,-0.01,21.11,-1.34,19.92,19.92,1.71,-0.01,123.41,9.7,19.62,19.92,9.66,9.7,,127.0,9.7,9.7,11794.25,2616.75,14262.75,9177.5,1593.75,7583.75,0.0,5085.25
2022-01-03 00:45:00+00:00,10854.0,11944.5,1090.5,2526.0,1048.0,355.5,1475.5,6852.0,0.5,38.0,977.5,512.25,847.0,69.75,361.5,-0.01,21.11,-1.34,19.92,19.92,1.71,-0.01,123.41,9.7,19.62,19.92,9.66,9.7,,127.0,9.7,9.7,11725.0,2486.5,14262.75,9238.5,1599.0,7639.5,0.0,5024.25
